{
	"info": {
		"_postman_id": "285829b4-23e3-465e-b9c0-f57e3cb79604",
		"name": "alimente",
		"schema": "https://schema.getpostman.com/json/collection/v2.1.0/collection.json",
		"_exporter_id": "30862798"
	},
	"item": [
		{
			"name": "alimente",
			"item": [
				{
					"name": "list",
					"request": {
						"method": "GET",
						"header": [],
						"url": {
							"raw": "{{base_path}}api/{{alimente_path}}/",
							"host": [
								"{{base_path}}api"
							],
							"path": [
								"{{alimente_path}}",
								""
							]
						}
					},
					"response": []
				},
				{
					"name": "random",
					"request": {
						"method": "GET",
						"header": [],
						"url": {
							"raw": "{{base_path}}api/{{alimente_path}}/random",
							"host": [
								"{{base_path}}api"
							],
							"path": [
								"{{alimente_path}}",
								"random"
							]
						}
					},
					"response": []
				},
				{
					"name": "search",
					"request": {
						"method": "GET",
						"header": [],
						"url": {
							"raw": "{{base_path}}api/{{alimente_path}}/search?denumire=thinking",
							"host": [
								"{{base_path}}api"
							],
							"path": [
								"{{alimente_path}}",
								"search"
							],
							"query": [
								{
									"key": "denumire",
									"value": "thinking"
								}
							]
						}
					},
					"response": []
				},
				{
					"name": "detail",
					"request": {
						"method": "GET",
						"header": [],
						"url": {
							"raw": "{{base_path}}api/{{alimente_path}}/1",
							"host": [
								"{{base_path}}api"
							],
							"path": [
								"{{alimente_path}}",
								"1"
							]
						}
					},
					"response": []
				},
				{
					"name": "create",
					"request": {
						"method": "POST",
						"header": [],
						"body": {
							"mode": "raw",
							"raw": "{\n    \"denumire\": \"pate\",\n    \"dataExpirare\": \"2024-12-11\",\n    \"categorie\": \"conserve\",\n    \"producator\": \"Bucegi\",\n    \"stocDisponibil\": 10,\n    \"pret\": 5\n}",
							"options": {
								"raw": {
									"language": "json"
								}
							}
						},
						"url": {
							"raw": "{{base_path}}api/{{alimente_path}}/",
							"host": [
								"{{base_path}}api"
							],
							"path": [
								"{{alimente_path}}",
								""
							]
						}
					},
					"response": []
				},
				{
					"name": "update",
					"request": {
						"method": "PUT",
						"header": [],
						"body": {
							"mode": "raw",
							"raw": "{\n    \"oldTitle\": \"Aloners\",\n    \"newTitle\": \"Aloners 2\"\n}",
							"options": {
								"raw": {
									"language": "json"
								}
							}
						},
						"url": {
							"raw": "{{base_path}}api/{{alimente_path}}/",
							"host": [
								"{{base_path}}api"
							],
							"path": [
								"{{alimente_path}}",
								""
							]
						}
					},
					"response": []
				},
				{
					"name": "delete",
					"request": {
						"method": "DELETE",
						"header": [],
						"body": {
							"mode": "raw",
							"raw": "",
							"options": {
								"raw": {
									"language": "json"
								}
							}
						},
						"url": {
							"raw": "{{base_path}}api/{{alimente_path}}/1",
							"host": [
								"{{base_path}}api"
							],
							"path": [
								"{{alimente_path}}",
								"1"
							]
						}
					},
					"response": []
				}
			]
		}
	],
	"event": [
		{
			"listen": "prerequest",
			"script": {
				"type": "text/javascript",
				"exec": [
					""
				]
			}
		},
		{
			"listen": "test",
			"script": {
				"type": "text/javascript",
				"exec": [
					""
				]
			}
		}
	],
	"variable": [
		{
			"key": "base_path",
			"value": "",
			"type": "string"
		},
		{
			"key": "alimente_path",
			"value": "",
			"type": "string"
		}
	]
}